Profile Name;Start Time;Duration;Attributes;Title;Supplemental Video Type;Device Type;Bookmark;Latest Bookmark;Country
Charlie;20/3/2013 05:17;00:00:05;;Star Trek: Deep Space Nine: Season 5: Empok Nor (Episode 24);;Mac;00:00:05;Not latest view;US (United States)
Charlie;20/3/2013 04:27;00:44:31;;Star Trek: Deep Space Nine: Season 5: Blaze of Glory (Episode 23);;Mac;00:44:31;Not latest view;US (United States)
Charlie;20/3/2013 04:05;00:22:06;;Star Trek: Deep Space Nine: Season 5: Children of Time (Episode 22);;Mac;00:44:37;0:44:37;US (United States)
Charlie;20/3/2013 00:20;00:48:14;;The Invisible War;;Microsoft Xbox 360;00:53:18;0:53:18;US (United States)
Charlie;20/3/2013 00:10;00:04:51;;The Invisible War;;Mac;00:05:01;Not latest view;US (United States)
Charlie;19/3/2013 22:34;00:22:29;;Star Trek: Deep Space Nine: Season 5: Children of Time (Episode 22);;Mac;00:22:31;Not latest view;US (United States)
Charlie;19/3/2013 05:07;00:33:10;;Star Trek: Deep Space Nine: Season 5: Soldiers of the Empire (Episode 21);;Mac;00:44:42;0:44:42;US (United States)
Charlie;18/3/2013 23:57;00:11:36;;Star Trek: Deep Space Nine: Season 5: Soldiers of the Empire (Episode 21);;Mac;00:11:36;Not latest view;US (United States)
Charlie;18/3/2013 23:26;00:31:32;;Star Trek: Deep Space Nine: Season 5: Ferengi Love Songs (Episode 20);;Mac;00:44:30;0:44:30;US (United States)
Charlie;18/3/2013 23:25;00:00:02;;The Office (U.S.): Season 5: The Duel (Episode 12);;Mac;00:00:01;Not latest view;US (United States)
Charlie;18/3/2013 23:04;00:21:07;;The Office (U.S.): Season 5: Moroccan Christmas (Episode 11);;Mac;00:21:06;Not latest view;US (United States)
Charlie;18/3/2013 22:42;00:21:30;;The Office (U.S.): Season 5: The Surplus (Episode 10);;Mac;00:21:29;Not latest view;US (United States)
Charlie;18/3/2013 22:21;00:20:55;;The Office (U.S.): Season 5: Frame Toby (Episode 9);;Mac;00:20:55;Not latest view;US (United States)
Charlie;18/3/2013 22:20;00:00:55;;The Office (U.S.): Season 5: Business Trip (Episode 8);;Mac;00:21:09;Not latest view;US (United States)
Charlie;18/3/2013 20:29;00:20:15;;The Office (U.S.): Season 5: Business Trip (Episode 8);;Mac;00:20:17;Not latest view;US (United States)
Charlie;18/3/2013 20:07;00:21:21;;The Office (U.S.): Season 5: Customer Survey (Episode 7);;Mac;00:21:23;Not latest view;US (United States)
Charlie;18/3/2013 19:46;00:21:14;;The Office (U.S.): Season 5: Employee Transfer (Episode 6);;Mac;00:21:15;Not latest view;US (United States)
Charlie;18/3/2013 19:24;00:21:34;;The Office (U.S.): Season 5: Crime Aid (Episode 5);;Mac;00:21:36;Not latest view;US (United States)
Charlie;18/3/2013 18:20;00:21:12;;The Office (U.S.): Season 5: Baby Shower (Episode 4);;Mac;00:21:14;Not latest view;US (United States)
Charlie;18/3/2013 17:54;00:21:15;;The Office (U.S.): Season 5: Business Ethics (Episode 3);;Mac;00:21:16;Not latest view;US (United States)
Charlie;18/3/2013 17:36;00:15:50;;The Office (U.S.): Season 5: Weight Loss: Part 2 (Episode 2);;Mac;00:21:06;Not latest view;US (United States)
Charlie;18/3/2013 05:35;00:05:20;;The Office (U.S.): Season 5: Weight Loss: Part 2 (Episode 2);;Mac;00:05:20;Not latest view;US (United States)
Charlie;18/3/2013 05:00;00:21:02;;The Office (U.S.): Season 5: Weight Loss: Part 1 (Episode 1);;Mac;00:21:03;Not latest view;US (United States)
Charlie;18/3/2013 04:27;00:32:37;;The Office (U.S.): Season 4: Goodbye, Toby (Episode 14);;Mac;00:41:27;Not latest view;US (United States)
Charlie;17/3/2013 05:40;00:08:52;;The Office (U.S.): Season 4: Goodbye, Toby (Episode 14);;Mac;00:08:52;Not latest view;US (United States)
Charlie;17/3/2013 05:10;00:20:18;;The Office (U.S.): Season 4: Job Fair (Episode 13);;Mac;00:20:20;Not latest view;US (United States)
Charlie;17/3/2013 04:48;00:21:41;;The Office (U.S.): Season 4: Did I Stutter (Episode 12);;Mac;00:21:42;Not latest view;US (United States)
Charlie;17/3/2013 04:31;00:15:51;;The Office (U.S.): Season 4: Night Out (Episode 11);;Mac;00:20:48;Not latest view;US (United States)
Charlie;16/3/2013 20:14;00:04:59;;The Office (U.S.): Season 4: Night Out (Episode 11);;Mac;00:04:58;Not latest view;US (United States)
Charlie;16/3/2013 19:52;00:21:21;;The Office (U.S.): Season 4: The Chair Model (Episode 10);;Mac;00:21:20;Not latest view;US (United States)
Charlie;16/3/2013 19:31;00:21:54;;The Office (U.S.): Season 4: Dinner Party (Episode 9);;Mac;00:21:54;Not latest view;US (United States)
Charlie;16/3/2013 19:11;00:19:08;;The Office (U.S.): Season 4: The Deposition (Episode 8);;Mac;00:21:11;Not latest view;US (United States)
Charlie;16/3/2013 18:29;00:02:06;;The Office (U.S.): Season 4: The Deposition (Episode 8);;Apple iPhone 5 with CDMA;00:02:06;Not latest view;US (United States)
Charlie;16/3/2013 06:03;00:20:42;;The Office (U.S.): Season 4: Survivor Man (Episode 7);;Mac;00:20:43;Not latest view;US (United States)
Charlie;16/3/2013 05:40;00:21:10;;The Office (U.S.): Season 4: Local Ad (Episode 5);;Mac;00:21:11;Not latest view;US (United States)
Charlie;16/3/2013 04:59;00:41:32;;The Office (U.S.): Season 4: Money (Episode 4);;Mac;00:41:39;Not latest view;US (United States)
Charlie;16/3/2013 04:51;00:07:40;;The Office (U.S.): Season 4: Launch Party (Episode 3);;Mac;00:41:30;Not latest view;US (United States)
Charlie;16/3/2013 01:32;00:01:02;;The Office (U.S.): Season 4: Launch Party (Episode 3);;Mac;00:33:52;Not latest view;US (United States)
Charlie;16/3/2013 01:07;00:05:10;;The Office (U.S.): Season 4: Launch Party (Episode 3);;Mac;00:32:52;Not latest view;US (United States)
Charlie;16/3/2013 00:40;00:19:08;;Archer: Season 3: The Man from Jupiter (Episode 4);;Microsoft Xbox 360;00:19:08;Not latest view;US (United States)
Charlie;16/3/2013 00:20;00:19:30;;Archer: Season 3: Heart of Archness, Part 3 (Episode 3);;Microsoft Xbox 360;00:19:30;Not latest view;US (United States)
Charlie;16/3/2013 00:20;00:00:18;;Archer: Season 3: Heart of Archness, Part 2 (Episode 2);;Microsoft Xbox 360;00:00:17;Not latest view;US (United States)
Charlie;15/3/2013 23:50;00:27:43;;The Office (U.S.): Season 4: Launch Party (Episode 3);;Mac;00:27:45;Not latest view;US (United States)
Charlie;15/3/2013 23:40;00:10:01;;The Office (U.S.): Season 4: Dunder Mifflin Infinity (Episode 2);;Mac;00:41:39;Not latest view;US (United States)
Charlie;15/3/2013 21:11;00:11:48;;The Office (U.S.): Season 4: Dunder Mifflin Infinity (Episode 2);;Mac;00:31:38;Not latest view;US (United States)
Charlie;15/3/2013 19:40;00:19:52;;The Office (U.S.): Season 4: Dunder Mifflin Infinity (Episode 2);;Mac;00:19:53;Not latest view;US (United States)
Charlie;15/3/2013 18:54;00:41:34;;The Office (U.S.): Season 4: Fun Run (Episode 1);;Mac;00:41:37;Not latest view;US (United States)
Charlie;15/3/2013 17:37;00:20:45;;The Office (U.S.): Season 3: The Job (Episode 23);;Mac;00:41:55;Not latest view;US (United States)
Charlie;15/3/2013 06:03;00:21:11;;The Office (U.S.): Season 3: The Job (Episode 23);;Mac;00:21:13;Not latest view;US (United States)
Charlie;15/3/2013 05:35;00:27:39;;The Office (U.S.): Season 3: Beach Games (Episode 22);;Mac;00:27:38;Not latest view;US (United States)
Charlie;15/3/2013 05:01;00:28:35;;The Office (U.S.): Season 3: Women's Appreciation (Episode 21);;Mac;00:28:37;Not latest view;US (United States)
Charlie;15/3/2013 04:40;00:20:51;;The Office (U.S.): Season 3: Product Recall (Episode 20);;Mac;00:20:52;Not latest view;US (United States)
Charlie;15/3/2013 04:12;00:18:54;;The Office (U.S.): Season 3: Safety Training (Episode 19);;Mac;00:20:54;Not latest view;US (United States)
Charlie;15/3/2013 03:41;00:19:07;;Archer: Season 3: Heart of Archness, Part 2 (Episode 2);;Microsoft Xbox 360;00:19:08;Not latest view;US (United States)
Charlie;15/3/2013 03:19;00:21:20;;Archer: Season 3: Heart of Archness, Part 1 (Episode 1);;Microsoft Xbox 360;00:21:19;Not latest view;US (United States)
Charlie;15/3/2013 03:19;00:00:14;;Archer: Season 2: El Secuestro (Episode 10);;Microsoft Xbox 360;00:00:12;Not latest view;US (United States)
Charlie;15/3/2013 00:07;00:02:03;;The Office (U.S.): Season 3: Safety Training (Episode 19);;Apple iPhone 5 with CDMA;00:02:03;Not latest view;US (United States)
Charlie;14/3/2013 23:36;00:29:32;;The Office (U.S.): Season 3: The Negotiation (Episode 18);;Apple iPhone 5 with CDMA;00:29:32;Not latest view;US (United States)
Charlie;14/3/2013 23:35;00:00:03;;The Office (U.S.): Season 3: Cocktails (Episode 17);;Apple iPhone 5 with CDMA;00:00:04;Not latest view;US (United States)
Charlie;14/3/2013 23:34;00:01:14;;The Office (U.S.): Season 3: Cocktails (Episode 17);;Apple iPhone 5 with CDMA;00:21:19;Not latest view;US (United States)
Charlie;14/3/2013 23:12;00:20:06;;The Office (U.S.): Season 3: Cocktails (Episode 17);;Mac;00:20:05;Not latest view;US (United States)
Charlie;14/3/2013 05:33;00:21:12;;The Office (U.S.): Season 3: Business School (Episode 16);;Mac;00:21:14;Not latest view;US (United States)
Charlie;14/3/2013 05:12;00:20:42;;The Office (U.S.): Season 3: Phyllis's Wedding (Episode 15);;Mac;00:20:43;Not latest view;US (United States)
Charlie;14/3/2013 04:58;00:14:14;;The Office (U.S.): Season 3: Ben Franklin (Episode 14);;Mac;00:20:50;Not latest view;US (United States)
Charlie;14/3/2013 02:38;00:20:56;;Archer: Season 2: Placebo Effect (Episode 9);;Microsoft Xbox 360;00:20:56;Not latest view;US (United States)
Charlie;14/3/2013 02:30;00:08:10;;Archer: Season 2: Stage Two (Episode 8);;Microsoft Xbox 360;00:21:13;Not latest view;US (United States)
Charlie;14/3/2013 00:41;00:06:38;;The Office (U.S.): Season 3: Ben Franklin (Episode 14);;Mac;00:06:39;Not latest view;US (United States)
Charlie;13/3/2013 23:32;00:28:24;;The Office (U.S.): Season 3: The Return (Episode 13);;Mac;00:28:26;Not latest view;US (United States)
Charlie;13/3/2013 22:56;00:21:06;;The Office (U.S.): Season 3: Traveling Salesmen (Episode 12);;Mac;00:21:07;Not latest view;US (United States)
Charlie;13/3/2013 22:34;00:20:44;;The Office (U.S.): Season 3: Back from Vacation (Episode 11);;Mac;00:20:44;Not latest view;US (United States)
Charlie;13/3/2013 21:55;00:13:01;;The Office (U.S.): Season 3: A Benihana Christmas (Episode 10);;Mac;00:41:39;Not latest view;US (United States)
Charlie;13/3/2013 19:48;00:15:02;;The Office (U.S.): Season 3: A Benihana Christmas (Episode 10);;Mac;00:28:39;Not latest view;US (United States)
Charlie;13/3/2013 17:30;00:11:05;;The Office (U.S.): Season 3: A Benihana Christmas (Episode 10);;Mac;00:13:02;Not latest view;US (United States)
Charlie;13/3/2013 17:05;00:02:00;;The Office (U.S.): Season 3: A Benihana Christmas (Episode 10);;Apple iPhone 5 with CDMA;00:02:00;Not latest view;US (United States)
Charlie;13/3/2013 05:55;00:21:08;;The Office (U.S.): Season 3: The Convict (Episode 9);;Mac;00:21:09;Not latest view;US (United States)
Charlie;13/3/2013 05:26;00:29:28;;The Office (U.S.): Season 3: The Merger (Episode 8);;Mac;00:29:28;Not latest view;US (United States)
Charlie;13/3/2013 04:34;00:29:55;;The Office (U.S.): Season 3: Branch Closing (Episode 7);;Mac;00:29:55;Not latest view;US (United States)
Charlie;13/3/2013 04:13;00:20:55;;The Office (U.S.): Season 3: Diwali (Episode 6);;Mac;00:20:54;Not latest view;US (United States)
Charlie;13/3/2013 03:52;00:20:56;;The Office (U.S.): Season 3: Initiation (Episode 5);;Mac;00:20:57;Not latest view;US (United States)
Charlie;13/3/2013 03:46;00:05:24;;The Office (U.S.): Season 3: Grief Counseling (Episode 4);;Mac;00:20:45;Not latest view;US (United States)
Charlie;13/3/2013 02:31;00:05:37;;The Office (U.S.): Season 3: Grief Counseling (Episode 4);;Mac;00:15:21;Not latest view;US (United States)
Charlie;13/3/2013 01:15;00:00:09;;The Office (U.S.): Season 3: Grief Counseling (Episode 4);;Mac;00:09:45;Not latest view;US (United States)
Charlie;12/3/2013 23:55;00:09:37;;The Office (U.S.): Season 3: Grief Counseling (Episode 4);;Mac;00:09:38;Not latest view;US (United States)
Charlie;12/3/2013 23:44;00:10:42;;The Office (U.S.): Season 3: The Coup (Episode 3);;Mac;00:21:11;Not latest view;US (United States)
Charlie;12/3/2013 21:18;00:10:31;;The Office (U.S.): Season 3: The Coup (Episode 3);;Mac;00:10:32;Not latest view;US (United States)
Charlie;12/3/2013 20:58;00:10:11;;The Office (U.S.): Season 3: The Convention (Episode 2);;Mac;00:21:10;Not latest view;US (United States)
Charlie;12/3/2013 16:17;00:11:01;;The Office (U.S.): Season 3: The Convention (Episode 2);;Mac;00:11:02;Not latest view;US (United States)
Charlie;12/3/2013 15:55;00:21:40;;The Office (U.S.): Season 3: Gay Witch Hunt (Episode 1);;Mac;00:21:41;Not latest view;US (United States)
Charlie;12/3/2013 14:52;00:27:52;;The Office (U.S.): Season 2: Casino Night (Episode 22);;Mac;00:27:54;Not latest view;US (United States)
Charlie;12/3/2013 14:51;00:00:52;;The Office (U.S.): Season 2: Conflict Resolution (Episode 21);;Mac;00:00:52;Not latest view;US (United States)
Charlie;12/3/2013 14:28;00:20:47;;The Office (U.S.): Season 2: Conflict Resolution (Episode 21);;Apple iPhone 5 with CDMA;00:20:47;Not latest view;US (United States)
Charlie;12/3/2013 05:53;00:20:08;;The Office (U.S.): Season 2: Drug Testing (Episode 20);;Mac;00:20:08;Not latest view;US (United States)
Charlie;12/3/2013 05:32;00:20:39;;The Office (U.S.): Season 2: Michael's Birthday (Episode 19);;Mac;00:20:39;Not latest view;US (United States)
Charlie;12/3/2013 05:11;00:20:32;;The Office (U.S.): Season 2: Take Your Daughter to Work Day (Episode 18);;Mac;00:20:32;Not latest view;US (United States)
Charlie;12/3/2013 04:11;00:20:54;;The Office (U.S.): Season 2: Dwight's Speech (Episode 17);;Mac;00:20:52;Not latest view;US (United States)
Charlie;12/3/2013 03:50;00:20:55;;The Office (U.S.): Season 2: Valentine's Day (Episode 16);;Mac;00:20:54;Not latest view;US (United States)
Charlie;12/3/2013 03:28;00:21:06;;The Office (U.S.): Season 2: Boys and Girls (Episode 15);;Mac;00:21:06;Not latest view;US (United States)
Charlie;12/3/2013 03:08;00:20:43;;The Office (U.S.): Season 2: The Carpet (Episode 14);;Mac;00:20:43;Not latest view;US (United States)
Charlie;12/3/2013 02:56;00:11:11;;The Office (U.S.): Season 2: The Secret (Episode 13);;Mac;00:20:54;Not latest view;US (United States)
Charlie;12/3/2013 01:39;00:13:05;;Archer: Season 2: Stage Two (Episode 8);;Microsoft Xbox 360;00:13:05;Not latest view;US (United States)
Charlie;12/3/2013 01:19;00:19:56;;Archer: Season 2: Movie Star (Episode 7);;Microsoft Xbox 360;00:19:54;Not latest view;US (United States)
Charlie;12/3/2013 01:18;00:00:54;;Archer: Season 2: Tragical History (Episode 6);;Microsoft Xbox 360;00:20:27;Not latest view;US (United States)
Charlie;12/3/2013 01:00;00:09:47;;The Office (U.S.): Season 2: The Secret (Episode 13);;Mac;00:09:48;Not latest view;US (United States)
Charlie;12/3/2013 00:24;00:20:52;;The Office (U.S.): Season 2: The Injury (Episode 12);;Mac;00:20:52;Not latest view;US (United States)
Charlie;11/3/2013 23:36;00:20:36;;The Office (U.S.): Season 2: Booze Cruise (Episode 11);;Mac;00:20:38;Not latest view;US (United States)
Charlie;11/3/2013 23:14;00:21:26;;The Office (U.S.): Season 2: Christmas Party (Episode 10);;Mac;00:21:26;Not latest view;US (United States)
Charlie;11/3/2013 22:42;00:21:45;;The Office (U.S.): Season 2: Email Surveillance (Episode 9);;Mac;00:21:47;Not latest view;US (United States)
Charlie;11/3/2013 21:23;00:21:02;;The Office (U.S.): Season 2: Performance Review (Episode 8);;Mac;00:21:04;Not latest view;US (United States)
Charlie;11/3/2013 18:44;00:00:15;;The Office (U.S.): Season 2: Performance Review (Episode 8);;Mac;00:00:14;Not latest view;US (United States)
Charlie;11/3/2013 18:36;00:07:28;;The Office (U.S.): Season 2: The Client (Episode 7);;Mac;00:21:20;Not latest view;US (United States)
Charlie;11/3/2013 17:12;00:13:55;;The Office (U.S.): Season 2: The Client (Episode 7);;Mac;00:13:55;Not latest view;US (United States)
Charlie;11/3/2013 16:19;00:15:37;;The Office (U.S.): Season 2: The Fight (Episode 6);;Mac;00:21:34;Not latest view;US (United States)
Charlie;11/3/2013 06:30;00:05:57;;The Office (U.S.): Season 2: The Fight (Episode 6);;Mac;00:05:57;Not latest view;US (United States)
Charlie;11/3/2013 06:09;00:21:31;;The Office (U.S.): Season 2: Halloween (Episode 5);;Mac;00:21:32;Not latest view;US (United States)
Charlie;11/3/2013 05:50;00:18:16;;The Office (U.S.): Season 2: The Fire (Episode 4);;Mac;00:20:57;Not latest view;US (United States)
Charlie;11/3/2013 02:30;00:02:43;;The Office (U.S.): Season 2: The Fire (Episode 4);;Mac;00:02:43;Not latest view;US (United States)
Charlie;11/3/2013 01:08;00:21:08;;The Office (U.S.): Season 2: Office Olympics (Episode 3);;Mac;00:21:11;Not latest view;US (United States)
Charlie;11/3/2013 00:46;00:21:16;;The Office (U.S.): Season 2: Sexual Harassment (Episode 2);;Mac;00:21:17;Not latest view;US (United States)
Charlie;11/3/2013 00:26;00:20:35;;The Office (U.S.): Season 2: The Dundies (Episode 1);;Mac;00:20:36;Not latest view;US (United States)
Charlie;11/3/2013 00:04;00:21:56;;The Office (U.S.): Season 1: Hot Girl (Episode 6);;Mac;00:21:57;Not latest view;US (United States)
Charlie;10/3/2013 23:44;00:18:20;;The Office (U.S.): Season 1: Basketball (Episode 5);;Mac;00:21:36;Not latest view;US (United States)
Charlie;10/3/2013 22:30;00:03:20;;The Office (U.S.): Season 1: Basketball (Episode 5);;Mac;00:03:20;Not latest view;US (United States)
Charlie;10/3/2013 22:08;00:21:44;;The Office (U.S.): Season 1: The Alliance (Episode 4);;Mac;00:21:44;Not latest view;US (United States)
Charlie;10/3/2013 21:46;00:21:32;;The Office (U.S.): Season 1: Health Care (Episode 3);;Mac;00:21:33;Not latest view;US (United States)
Charlie;10/3/2013 21:25;00:21:33;;The Office (U.S.): Season 1: Diversity Day (Episode 2);;Mac;00:21:32;Not latest view;US (United States)
Charlie;10/3/2013 21:02;00:22:48;;The Office (U.S.): Season 1: Pilot (Episode 1);;Mac;00:22:48;Not latest view;US (United States)
Charlie;10/3/2013 20:42;00:18:47;;The Office (U.S.): Season 7: Search Committee: Part 2 (Episode 26);;Mac;00:18:48;Not latest view;US (United States)
Charlie;10/3/2013 20:14;00:23:52;;The Office (U.S.): Season 7: Search Committee: Part 1 (Episode 25);;Mac;00:23:51;Not latest view;US (United States)
Charlie;10/3/2013 19:53;00:15:56;;The Office (U.S.): Season 7: Dwight K. Schrute, (Acting) Manager (Episode 24);;Mac;00:21:33;Not latest view;US (United States)
Charlie;10/3/2013 03:11;00:05:39;;The Office (U.S.): Season 7: Dwight K. Schrute, (Acting) Manager (Episode 24);;Mac;00:05:40;Not latest view;US (United States)
Charlie;10/3/2013 02:49;00:21:43;;The Office (U.S.): Season 7: The Inner Circle (Episode 23);;Mac;00:21:45;Not latest view;US (United States)
Charlie;10/3/2013 02:13;00:35:37;;The Office (U.S.): Season 7: Goodbye, Michael (Episode 22);;Mac;00:35:40;Not latest view;US (United States)
Charlie;10/3/2013 01:52;00:21:32;;The Office (U.S.): Season 7: Michael's Last Dundies (Episode 21);;Mac;00:21:32;Not latest view;US (United States)
Charlie;10/3/2013 01:25;00:21:29;;The Office (U.S.): Season 7: Training Day (Episode 20);;Mac;00:21:31;Not latest view;US (United States)
Charlie;10/3/2013 01:03;00:21:33;;The Office (U.S.): Season 7: Garage Sale (Episode 19);;Mac;00:21:33;Not latest view;US (United States)
Charlie;9/3/2013 23:25;00:21:34;;The Office (U.S.): Season 7: Threat Level Midnight (Episode 17);;Mac;00:21:34;Not latest view;US (United States)
Charlie;9/3/2013 23:03;00:21:45;;The Office (U.S.): Season 7: PDA (Episode 16);;Mac;00:21:44;Not latest view;US (United States)
Charlie;9/3/2013 22:38;00:21:31;;The Office (U.S.): Season 7: The Search (Episode 15);;Mac;00:21:31;Not latest view;US (United States)
Charlie;9/3/2013 21:41;00:21:46;;The Office (U.S.): Season 7: The Seminar (Episode 14);;Mac;00:21:46;Not latest view;US (United States)
Charlie;9/3/2013 21:19;00:21:45;;The Office (U.S.): Season 7: Ultimatum (Episode 13);;Mac;00:21:45;Not latest view;US (United States)
Charlie;9/3/2013 21:01;00:18:23;;The Office (U.S.): Season 7: Classy Christmas: Part 2 (Episode 12);;Mac;00:18:24;Not latest view;US (United States)
Charlie;9/3/2013 20:48;00:12:51;;The Office (U.S.): Season 7: Classy Christmas: Part 1 (Episode 11);;Mac;00:24:47;Not latest view;US (United States)
Charlie;9/3/2013 17:34;00:11:59;;The Office (U.S.): Season 7: Classy Christmas: Part 1 (Episode 11);;Mac;00:11:57;Not latest view;US (United States)
Charlie;9/3/2013 17:21;00:12:27;;The Office (U.S.): Season 7: China (Episode 10);;Mac;00:21:47;Not latest view;US (United States)
Charlie;9/3/2013 08:25;00:09:24;;The Office (U.S.): Season 7: China (Episode 10);;Mac;00:09:24;Not latest view;US (United States)
Charlie;9/3/2013 08:04;00:21:33;;The Office (U.S.): Season 7: WUPHF.com (Episode 9);;Mac;00:21:32;Not latest view;US (United States)
Charlie;9/3/2013 07:20;00:21:31;;The Office (U.S.): Season 7: Viewing Party (Episode 8);;Mac;00:21:31;Not latest view;US (United States)
Charlie;9/3/2013 07:17;00:02:40;;The Office (U.S.): Season 7: Christening (Episode 7);;Mac;00:02:41;Not latest view;US (United States)
Charlie;9/3/2013 06:44;00:21:45;;The Office (U.S.): Season 7: Costume Contest (Episode 6);;Mac;00:21:45;Not latest view;US (United States)
Charlie;9/3/2013 06:27;00:10:54;;The Office (U.S.): Season 7: The Sting (Episode 5);;Mac;00:21:35;Not latest view;US (United States)
Charlie;9/3/2013 02:58;00:10:44;;The Office (U.S.): Season 7: The Sting (Episode 5);;Mac;00:10:43;Not latest view;US (United States)
Charlie;9/3/2013 02:36;00:21:43;;The Office (U.S.): Season 7: Sex Ed (Episode 4);;Mac;00:21:45;Not latest view;US (United States)
Charlie;9/3/2013 02:35;00:00:55;;The Office (U.S.): Season 7: Andy's Play (Episode 3);;Mac;00:21:40;Not latest view;US (United States)
Charlie;9/3/2013 00:52;00:20:44;;The Office (U.S.): Season 7: Andy's Play (Episode 3);;Mac;00:20:46;Not latest view;US (United States)
Charlie;9/3/2013 00:29;00:21:48;;The Office (U.S.): Season 7: Counseling (Episode 2);;Mac;00:21:48;Not latest view;US (United States)
Charlie;8/3/2013 23:45;00:21:48;;The Office (U.S.): Season 7: Nepotism (Episode 1);;Mac;00:21:47;Not latest view;US (United States)
Charlie;8/3/2013 23:23;00:21:12;;The Office (U.S.): Season 5: The Duel (Episode 12);;Mac;00:21:13;Not latest view;US (United States)
Charlie;8/3/2013 04:32;00:19:55;;Archer: Season 2: The Double Deuce (Episode 5);;Microsoft Xbox 360;00:19:53;Not latest view;US (United States)
Charlie;8/3/2013 04:31;00:00:16;;30 for 30: The Two Escobars;;Microsoft Xbox 360;00:23:39;Not latest view;US (United States)
Charlie;7/3/2013 06:11;00:12:58;;Star Trek: Deep Space Nine: Season 5: Ferengi Love Songs (Episode 20);;Mac;00:12:59;Not latest view;US (United States)
Charlie;7/3/2013 05:26;00:44:50;;Star Trek: Deep Space Nine: Season 5: Ties of Blood and Water (Episode 19);;Mac;00:44:50;0:44:50;US (United States)
Charlie;7/3/2013 04:55;00:31:11;;Star Trek: Deep Space Nine: Season 5: Business as Usual (Episode 18);;Mac;00:44:31;0:44:31;US (United States)
Charlie;7/3/2013 01:43;00:13:24;;Star Trek: Deep Space Nine: Season 5: Business as Usual (Episode 18);;Mac;00:13:24;Not latest view;US (United States)
Charlie;7/3/2013 00:59;00:44:26;;Star Trek: Deep Space Nine: Season 5: A Simple Investigation (Episode 17);;Mac;00:44:27;0:44:27;US (United States)
Charlie;7/3/2013 00:00;00:44:45;;Star Trek: Deep Space Nine: Season 5: Doctor Bashir, I Presume? (Episode 16);;Mac;00:44:46;0:44:46;US (United States)
Charlie;6/3/2013 23:01;00:50:01;;Buffy the Vampire Slayer: Season 6: Once More, with Feeling (Episode 7);;Mac;00:50:06;Not latest view;US (United States)
Charlie;6/3/2013 19:34;00:42:51;;Star Trek: Deep Space Nine: Season 5: By Inferno's Light (Episode 15);;Mac;00:44:39;0:44:39;US (United States)
Charlie;6/3/2013 19:34;00:00:24;;Star Trek: Deep Space Nine: Season 1: Emissary: Parts 1 & 2 (Episode 1);;Mac;00:00:23;Not latest view;US (United States)
Charlie;6/3/2013 19:33;00:00:11;;Star Trek: Deep Space Nine: Season 1: Emissary: Parts 1 & 2 (Episode 1);;Mac;00:00:11;Not latest view;US (United States)
Charlie;6/3/2013 07:12;00:00:10;;Star Trek: Deep Space Nine: Season 5: By Inferno's Light (Episode 15);;Mac;00:00:09;Not latest view;US (United States)
Charlie;6/3/2013 06:24;00:44:11;;Star Trek: Deep Space Nine: Season 5: In Purgatory's Shadow (Episode 14);;Mac;00:44:13;0:44:13;US (United States)
Charlie;6/3/2013 05:38;00:44:34;;Star Trek: Deep Space Nine: Season 5: For the Uniform (Episode 13);;Mac;00:44:36;0:44:36;US (United States)
Charlie;6/3/2013 04:53;00:44:44;;Star Trek: Deep Space Nine: Season 5: The Begotten (Episode 12);;Mac;00:44:45;0:44:45;US (United States)
Charlie;5/3/2013 23:02;00:23:29;;30 for 30: The Two Escobars;;Mac;00:23:29;Not latest view;US (United States)
Charlie;5/3/2013 06:45;00:29:22;;Star Trek: Deep Space Nine: Season 5: The Darkness and the Light (Episode 11);;Mac;00:44:31;0:44:31;US (United States)
Charlie;5/3/2013 04:41;00:15:10;;Star Trek: Deep Space Nine: Season 5: The Darkness and the Light (Episode 11);;Mac;00:15:11;Not latest view;US (United States)
Charlie;5/3/2013 03:55;00:44:49;;Star Trek: Deep Space Nine: Season 5: Rapture (Episode 10);;Mac;00:44:50;0:44:50;US (United States)
Charlie;5/3/2013 03:10;00:43:29;;Star Trek: Deep Space Nine: Season 5: The Ascent (Episode 9);;Mac;00:44:45;0:44:45;US (United States)
Charlie;5/3/2013 02:43;00:21:03;;Archer: Season 2: Pipeline Fever (Episode 4);;Microsoft Xbox 360;00:21:01;Not latest view;US (United States)
Charlie;5/3/2013 02:31;00:11:45;;Archer: Season 2: Blood Test (Episode 3);;Microsoft Xbox 360;00:20:57;Not latest view;US (United States)
Charlie;4/3/2013 06:55;00:01:19;;Star Trek: Deep Space Nine: Season 5: The Ascent (Episode 9);;Mac;00:01:18;Not latest view;US (United States)
Charlie;4/3/2013 05:55;00:44:50;;Star Trek: Deep Space Nine: Season 5: Things Past (Episode 8);;Mac;00:44:52;0:44:52;US (United States)
Charlie;4/3/2013 05:16;00:37:02;;Star Trek: Deep Space Nine: Season 5: Let He Who Is Without Sin.. (Episode 7);;Mac;00:44:27;0:44:27;US (United States)
Charlie;4/3/2013 00:31;00:07:27;;Star Trek: Deep Space Nine: Season 5: Let He Who Is Without Sin.. (Episode 7);;Microsoft Xbox 360;00:07:25;Not latest view;US (United States)
Charlie;3/3/2013 23:56;00:35:32;;Star Trek: Deep Space Nine: Season 5: Trials and Tribble-ations (Episode 6);;Microsoft Xbox 360;00:44:36;0:44:36;US (United States)
Charlie;3/3/2013 22:52;00:09:08;;Star Trek: Deep Space Nine: Season 5: Trials and Tribble-ations (Episode 6);;Mac;00:09:08;Not latest view;US (United States)
Charlie;3/3/2013 22:08;00:44:45;;Star Trek: Deep Space Nine: Season 5: The Assignment (Episode 5);;Mac;00:44:47;0:44:47;US (United States)
Charlie;3/3/2013 22:07;00:00:16;;Star Trek: Deep Space Nine: Season 5: ...Nor the Battle to the Strong (Episode 4);;Mac;00:00:16;0:00:16;US (United States)
Charlie;3/3/2013 06:26;00:44:15;;Star Trek: Deep Space Nine: Season 5: ...Nor the Battle to the Strong (Episode 4);;Mac;00:44:18;Not latest view;US (United States)
Charlie;3/3/2013 05:41;00:44:51;;Star Trek: Deep Space Nine: Season 5: Looking for Par'Mach in All the Wrong Places (Episode 3);;Mac;00:44:51;0:44:51;US (United States)
Charlie;3/3/2013 05:07;00:33:07;;Star Trek: Deep Space Nine: Season 5: The Ship (Episode 2);;Mac;00:44:36;0:44:36;US (United States)
Charlie;3/3/2013 01:28;00:11:30;;Star Trek: Deep Space Nine: Season 5: The Ship (Episode 2);;Mac;00:11:29;Not latest view;US (United States)
Charlie;3/3/2013 00:44;00:43:56;;Star Trek: Deep Space Nine: Season 5: Apocalypse Rising (Episode 1);;Mac;00:44:45;0:44:45;US (United States)
Charlie;2/3/2013 23:54;00:44:19;;Star Trek: Deep Space Nine: Season 4: Broken Link (Episode 25);;Mac;00:44:19;0:44:19;US (United States)
Charlie;2/3/2013 23:33;00:17:17;;Star Trek: Deep Space Nine: Season 4: Body Parts (Episode 24);;Mac;00:44:29;0:44:29;US (United States)
Charlie;2/3/2013 00:45;00:05:18;;Star Trek: Deep Space Nine: Season 4: Body Parts (Episode 24);;Mac;00:27:16;Not latest view;US (United States)
Charlie;1/3/2013 23:46;00:58:12;;Louis C.K.: Live at the Beacon Theater;;Mac;01:01:37;Not latest view;US (United States)
Charlie;1/3/2013 23:21;00:21:59;;Star Trek: Deep Space Nine: Season 4: Body Parts (Episode 24);;Mac;00:22:01;Not latest view;US (United States)
Charlie;1/3/2013 22:36;00:44:26;;Star Trek: Deep Space Nine: Season 4: The Quickening (Episode 23);;Mac;00:44:28;0:44:28;US (United States)
Charlie;1/3/2013 20:47;00:43:48;;Star Trek: Deep Space Nine: Season 4: To the Death (Episode 22);;Mac;00:43:48;0:43:48;US (United States)
